{"cameraMode":{"drawMode":0,"name":"Shaded","section":"Shading Mode"},"sceneLighting":false,"audioPlay":false,"sceneViewState":{"m_AlwaysRefresh":false,"showFog":true,"showSkybox":false,"showFlares":true,"showImageEffects":true,"showParticleSystems":true,"showVisualEffectGraphs":true,"m_FxEnabled":true},"in2DMode":false,"pivot":{"x":-0.37577372789382937,"y":2.5867486000061037,"z":-2.9986772537231447},"rotation":{"x":0.08646278828382492,"y":-0.9111523628234863,"z":0.31760039925575259,"w":0.24805031716823579},"size":1.678357481956482,"orthographic":false}