{"cameraMode":{"drawMode":0,"name":"Shaded","section":"Shading Mode"},"sceneLighting":false,"audioPlay":false,"sceneViewState":{"m_AlwaysRefresh":false,"showFog":true,"showSkybox":false,"showFlares":true,"showImageEffects":true,"showParticleSystems":true,"showVisualEffectGraphs":true,"m_FxEnabled":true},"in2DMode":false,"pivot":{"x":-1.3350539207458497,"y":-2.938265800476074,"z":2.1793601512908937},"rotation":{"x":-0.010968389920890332,"y":0.8687196969985962,"z":-0.49487262964248659,"w":-0.01929648593068123},"size":2.574533462524414,"orthographic":false}