{"cameraMode":{"drawMode":0,"name":"Shaded","section":"Shading Mode"},"sceneLighting":false,"audioPlay":false,"sceneViewState":{"m_AlwaysRefresh":false,"showFog":true,"showSkybox":false,"showFlares":true,"showImageEffects":true,"showParticleSystems":true,"showVisualEffectGraphs":true,"m_FxEnabled":true},"in2DMode":false,"pivot":{"x":-1.3715198040008546,"y":-0.17087960243225099,"z":2.095447063446045},"rotation":{"x":-0.03957091271877289,"y":0.9367544651031494,"z":-0.32905781269073489,"w":-0.11266785115003586},"size":2.4231600761413576,"orthographic":false}