{"cameraMode":{"drawMode":0,"name":"Shaded","section":"Shading Mode"},"sceneLighting":false,"audioPlay":false,"sceneViewState":{"m_AlwaysRefresh":false,"showFog":true,"showSkybox":false,"showFlares":true,"showImageEffects":true,"showParticleSystems":true,"showVisualEffectGraphs":true,"m_FxEnabled":true},"in2DMode":false,"pivot":{"x":0.5016602277755737,"y":0.7007308006286621,"z":7.529677867889404},"rotation":{"x":-0.01350080594420433,"y":0.8258584141731262,"z":-0.5635514855384827,"w":-0.01947314664721489},"size":2.1894290447235109,"orthographic":false}