{"cameraMode":{"drawMode":0,"name":"Shaded","section":"Shading Mode"},"sceneLighting":false,"audioPlay":false,"sceneViewState":{"m_AlwaysRefresh":false,"showFog":true,"showSkybox":false,"showFlares":true,"showImageEffects":true,"showParticleSystems":true,"showVisualEffectGraphs":true,"m_FxEnabled":true},"in2DMode":false,"pivot":{"x":0.000018358230590820313,"y":-0.005434110760688782,"z":-0.02486574649810791},"rotation":{"x":-0.2724033296108246,"y":0.5235019326210022,"z":-0.18124940991401673,"w":-0.7867798805236816},"size":1.4202264547348023,"orthographic":false}