{"cameraMode":{"drawMode":0,"name":"Shaded","section":"Shading Mode"},"sceneLighting":false,"audioPlay":false,"sceneViewState":{"m_AlwaysRefresh":false,"showFog":true,"showSkybox":false,"showFlares":true,"showImageEffects":true,"showParticleSystems":true,"showVisualEffectGraphs":true,"m_FxEnabled":true},"in2DMode":false,"pivot":{"x":0.3560050129890442,"y":-0.24364376068115235,"z":3.9041686058044435},"rotation":{"x":-0.06761684268712998,"y":0.9119324088096619,"z":-0.3687928020954132,"w":-0.16706758737564088},"size":1.523160457611084,"orthographic":false}