{"cameraMode":{"drawMode":0,"name":"Shaded","section":"Shading Mode"},"sceneLighting":false,"audioPlay":false,"sceneViewState":{"m_AlwaysRefresh":false,"showFog":true,"showSkybox":false,"showFlares":true,"showImageEffects":true,"showParticleSystems":true,"showVisualEffectGraphs":true,"m_FxEnabled":true},"in2DMode":false,"pivot":{"x":-1.8912029266357422,"y":-2.0645079612731935,"z":-3.9873135089874269},"rotation":{"x":-0.048368342220783237,"y":0.9488120675086975,"z":-0.2552585303783417,"w":-0.17971761524677277},"size":3.8482072353363039,"orthographic":false}