{"cameraMode":{"drawMode":0,"name":"Shaded","section":"Shading Mode"},"sceneLighting":false,"audioPlay":false,"sceneViewState":{"m_AlwaysRefresh":false,"showFog":true,"showSkybox":false,"showFlares":true,"showImageEffects":true,"showParticleSystems":true,"showVisualEffectGraphs":true,"m_FxEnabled":true},"in2DMode":false,"pivot":{"x":-0.4804689586162567,"y":0.05022847652435303,"z":3.6420326232910158},"rotation":{"x":-0.0048648943193256859,"y":0.9709434509277344,"z":-0.23944826424121858,"w":-0.01457788236439228},"size":2.5241477489471437,"orthographic":false}