{"cameraMode":{"drawMode":0,"name":"Shaded","section":"Shading Mode"},"sceneLighting":true,"audioPlay":false,"sceneViewState":{"m_AlwaysRefresh":false,"showFog":true,"showSkybox":true,"showFlares":true,"showImageEffects":true,"showParticleSystems":true,"showVisualEffectGraphs":true,"m_FxEnabled":true},"in2DMode":false,"pivot":{"x":4.402249813079834,"y":3.4252538681030275,"z":-17.974258422851564},"rotation":{"x":0.004856414161622524,"y":0.9877761602401733,"z":-0.15263338387012483,"w":0.03142279386520386},"size":18.085100173950197,"orthographic":false}