{"cameraMode":{"drawMode":0,"name":"Shaded","section":"Shading Mode"},"sceneLighting":true,"audioPlay":false,"sceneViewState":{"m_AlwaysRefresh":false,"showFog":true,"showSkybox":true,"showFlares":true,"showImageEffects":true,"showParticleSystems":true,"showVisualEffectGraphs":true,"m_FxEnabled":true},"in2DMode":false,"pivot":{"x":-0.32106906175613406,"y":-3.967270851135254,"z":-9.637794494628907},"rotation":{"x":0.0008754443842917681,"y":-0.9724817276000977,"z":0.23366938531398774,"w":-0.0023513748310506346},"size":12.452668190002442,"orthographic":false}