{"cameraMode":{"drawMode":0,"name":"Shaded","section":"Shading Mode"},"sceneLighting":true,"audioPlay":false,"sceneViewState":{"m_AlwaysRefresh":false,"showFog":true,"showSkybox":true,"showFlares":true,"showImageEffects":true,"showParticleSystems":true,"showVisualEffectGraphs":true,"m_FxEnabled":true},"in2DMode":false,"pivot":{"x":0.3006208539009094,"y":11.57421588897705,"z":17.414976119995118},"rotation":{"x":0.00009454091195948422,"y":0.9883822202682495,"z":-0.1527293473482132,"w":0.0018243243684992195},"size":13.905956268310547,"orthographic":false}