{"cameraMode":{"drawMode":0,"name":"Shaded","section":"Shading Mode"},"sceneLighting":true,"audioPlay":false,"sceneViewState":{"m_AlwaysRefresh":false,"showFog":true,"showSkybox":true,"showFlares":true,"showImageEffects":true,"showParticleSystems":true,"showVisualEffectGraphs":true,"m_FxEnabled":true},"in2DMode":false,"pivot":{"x":2.9042139053344728,"y":13.196586608886719,"z":-11.08215045928955},"rotation":{"x":-0.02474227547645569,"y":-0.9466797709465027,"z":0.07579964399337769,"w":-0.3125856816768646},"size":11.127277374267579,"orthographic":false}