{"cameraMode":{"drawMode":0,"name":"Shaded","section":"Shading Mode"},"sceneLighting":true,"audioPlay":false,"sceneViewState":{"m_AlwaysRefresh":false,"showFog":true,"showSkybox":true,"showFlares":true,"showImageEffects":true,"showParticleSystems":true,"showVisualEffectGraphs":true,"m_FxEnabled":true},"in2DMode":false,"pivot":{"x":0.07917940616607666,"y":-4.618080139160156,"z":-42.59426498413086},"rotation":{"x":0.0005324023659341037,"y":0.9892096519470215,"z":-0.14678320288658143,"w":0.003262178273871541},"size":31.37386131286621,"orthographic":false}