{"cameraMode":{"drawMode":0,"name":"Shaded","section":"Shading Mode"},"sceneLighting":true,"audioPlay":false,"sceneViewState":{"m_AlwaysRefresh":false,"showFog":true,"showSkybox":true,"showFlares":true,"showImageEffects":true,"showParticleSystems":true,"showVisualEffectGraphs":true,"m_FxEnabled":true},"in2DMode":false,"pivot":{"x":0.06789422035217285,"y":18.23625373840332,"z":25.386062622070314},"rotation":{"x":0.0024076129775494339,"y":0.9511371850967407,"z":-0.3086753785610199,"w":0.007420066278427839},"size":10.762310028076172,"orthographic":false}