{"cameraMode":{"drawMode":0,"name":"Shaded","section":"Shading Mode"},"sceneLighting":true,"audioPlay":false,"sceneViewState":{"m_AlwaysRefresh":false,"showFog":true,"showSkybox":true,"showFlares":true,"showImageEffects":true,"showParticleSystems":true,"showVisualEffectGraphs":true,"m_FxEnabled":true},"in2DMode":false,"pivot":{"x":-6.851311683654785,"y":-1.832016944885254,"z":-26.135513305664064},"rotation":{"x":-0.022394249215722085,"y":0.9776418209075928,"z":-0.16006027162075044,"w":-0.13542474806308747},"size":24.161270141601564,"orthographic":false}