{"cameraMode":{"drawMode":0,"name":"Shaded","section":"Shading Mode"},"sceneLighting":true,"audioPlay":false,"sceneViewState":{"m_AlwaysRefresh":false,"showFog":true,"showSkybox":true,"showFlares":true,"showImageEffects":true,"showParticleSystems":true,"showVisualEffectGraphs":true,"m_FxEnabled":true},"in2DMode":false,"pivot":{"x":-2.8914647102355959,"y":-1.4576661586761475,"z":-22.575403213500978},"rotation":{"x":0.001996342558413744,"y":-0.989822506904602,"z":0.14232520759105683,"w":0.012450180016458035},"size":39.235565185546878,"orthographic":false}