{"cameraMode":{"drawMode":0,"name":"Shaded","section":"Shading Mode"},"sceneLighting":true,"audioPlay":false,"sceneViewState":{"m_AlwaysRefresh":false,"showFog":true,"showSkybox":true,"showFlares":true,"showImageEffects":true,"showParticleSystems":true,"showVisualEffectGraphs":true,"m_FxEnabled":true},"in2DMode":false,"pivot":{"x":-10.424724578857422,"y":-62.85548400878906,"z":-340.66400146484377},"rotation":{"x":-0.0018083101604133845,"y":0.9937365651130676,"z":-0.11107154935598374,"w":-0.016095152124762536},"size":206.3968963623047,"orthographic":false}