{"cameraMode":{"drawMode":0,"name":"Shaded","section":"Shading Mode"},"sceneLighting":true,"audioPlay":false,"sceneViewState":{"m_AlwaysRefresh":false,"showFog":true,"showSkybox":true,"showFlares":true,"showImageEffects":true,"showParticleSystems":true,"showVisualEffectGraphs":true,"m_FxEnabled":true},"in2DMode":false,"pivot":{"x":-10.792509078979493,"y":-46.599098205566409,"z":-57.94368362426758},"rotation":{"x":-0.027806278318166734,"y":0.9451661109924316,"z":-0.31459304690361025,"w":-0.08359955251216889},"size":40.81349563598633,"orthographic":false}