{"cameraMode":{"drawMode":0,"name":"Shaded","section":"Shading Mode"},"sceneLighting":true,"audioPlay":false,"sceneViewState":{"m_AlwaysRefresh":false,"showFog":true,"showSkybox":true,"showFlares":true,"showImageEffects":true,"showParticleSystems":true,"showVisualEffectGraphs":true,"m_FxEnabled":true},"in2DMode":false,"pivot":{"x":4.001649379730225,"y":9.2633695602417,"z":-16.916183471679689},"rotation":{"x":0.004855811595916748,"y":0.9942038655281067,"z":-0.05105707794427872,"w":0.09453493356704712},"size":16.662084579467775,"orthographic":false}