{"cameraMode":{"drawMode":0,"name":"Shaded","section":"Shading Mode"},"sceneLighting":true,"audioPlay":false,"sceneViewState":{"m_AlwaysRefresh":false,"showFog":true,"showSkybox":true,"showFlares":true,"showImageEffects":true,"showParticleSystems":true,"showVisualEffectGraphs":true,"m_FxEnabled":true},"in2DMode":false,"pivot":{"x":4.539385795593262,"y":13.767596244812012,"z":-10.938787460327149},"rotation":{"x":0.003152288030833006,"y":0.9849579930305481,"z":-0.01803518272936344,"w":0.17191652953624726},"size":9.355493545532227,"orthographic":false}