{"cameraMode":{"drawMode":0,"name":"Shaded","section":"Shading Mode"},"sceneLighting":true,"audioPlay":false,"sceneViewState":{"m_AlwaysRefresh":false,"showFog":true,"showSkybox":true,"showFlares":true,"showImageEffects":true,"showParticleSystems":true,"showVisualEffectGraphs":true,"m_FxEnabled":true},"in2DMode":false,"pivot":{"x":-1.1084445714950562,"y":8.283272743225098,"z":-25.030536651611329},"rotation":{"x":0.0019175955094397069,"y":-0.9935228228569031,"z":0.114061638712883,"w":0.013965505175292492},"size":32.12248229980469,"orthographic":false}