{"cameraMode":{"drawMode":0,"name":"Shaded","section":"Shading Mode"},"sceneLighting":true,"audioPlay":false,"sceneViewState":{"m_AlwaysRefresh":false,"showFog":true,"showSkybox":true,"showFlares":true,"showImageEffects":true,"showParticleSystems":true,"showVisualEffectGraphs":true,"m_FxEnabled":true},"in2DMode":false,"pivot":{"x":0.06258845329284668,"y":4.041486740112305,"z":-25.510900497436525},"rotation":{"x":-0.0038533301558345558,"y":0.9939343929290772,"z":-0.10355182737112045,"w":-0.036990612745285037},"size":22.019344329833986,"orthographic":false}