{"cameraMode":{"drawMode":0,"name":"Shaded","section":"Shading Mode"},"sceneLighting":true,"audioPlay":false,"sceneViewState":{"m_AlwaysRefresh":false,"showFog":true,"showSkybox":true,"showFlares":true,"showImageEffects":true,"showParticleSystems":true,"showVisualEffectGraphs":true,"m_FxEnabled":true},"in2DMode":false,"pivot":{"x":-2.0153486728668215,"y":-5.003717422485352,"z":-19.78044891357422},"rotation":{"x":0.0017564297886565328,"y":0.9604091048240662,"z":-0.27857282757759097,"w":0.006051188800483942},"size":21.20396614074707,"orthographic":false}