{"cameraMode":{"drawMode":0,"name":"Shaded","section":"Shading Mode"},"sceneLighting":true,"audioPlay":false,"sceneViewState":{"m_AlwaysRefresh":false,"showFog":true,"showSkybox":true,"showFlares":true,"showImageEffects":true,"showParticleSystems":true,"showVisualEffectGraphs":true,"m_FxEnabled":true},"in2DMode":false,"pivot":{"x":-1.6575145721435547,"y":-0.49318885803222659,"z":3.817056655883789},"rotation":{"x":0.003396368585526943,"y":0.9309034943580627,"z":-0.3651491105556488,"w":0.008658718317747116},"size":10.762310028076172,"orthographic":false}