{"cameraMode":{"drawMode":0,"name":"Shaded","section":"Shading Mode"},"sceneLighting":true,"audioPlay":false,"sceneViewState":{"m_AlwaysRefresh":false,"showFog":true,"showSkybox":true,"showFlares":true,"showImageEffects":true,"showParticleSystems":true,"showVisualEffectGraphs":true,"m_FxEnabled":true},"in2DMode":false,"pivot":{"x":-5.812795639038086,"y":5.011351585388184,"z":-0.5925846099853516},"rotation":{"x":-0.027067895978689195,"y":0.9720326066017151,"z":-0.13973698019981385,"w":-0.18711955845355988},"size":17.582351684570314,"orthographic":false}