{"cameraMode":{"drawMode":0,"name":"Shaded","section":"Shading Mode"},"sceneLighting":true,"audioPlay":false,"sceneViewState":{"m_AlwaysRefresh":false,"showFog":true,"showSkybox":true,"showFlares":true,"showImageEffects":true,"showParticleSystems":true,"showVisualEffectGraphs":true,"m_FxEnabled":true},"in2DMode":false,"pivot":{"x":1.315224289894104,"y":-15.083818435668946,"z":-93.62838745117188},"rotation":{"x":0.0007959880167618394,"y":0.9943170547485352,"z":-0.10629643499851227,"w":0.007458193693310022},"size":50.695926666259769,"orthographic":false}