{"cameraMode":{"drawMode":0,"name":"Shaded","section":"Shading Mode"},"sceneLighting":true,"audioPlay":false,"sceneViewState":{"m_AlwaysRefresh":false,"showFog":true,"showSkybox":true,"showFlares":true,"showImageEffects":true,"showParticleSystems":true,"showVisualEffectGraphs":true,"m_FxEnabled":true},"in2DMode":false,"pivot":{"x":-1.9405708312988282,"y":9.498140335083008,"z":-0.5223960876464844},"rotation":{"x":-0.022937431931495668,"y":0.9759894013404846,"z":-0.125398188829422,"w":-0.17726045846939088},"size":14.045211791992188,"orthographic":false}