{"cameraMode":{"drawMode":0,"name":"Shaded","section":"Shading Mode"},"sceneLighting":true,"audioPlay":false,"sceneViewState":{"m_AlwaysRefresh":false,"showFog":true,"showSkybox":true,"showFlares":true,"showImageEffects":true,"showParticleSystems":true,"showVisualEffectGraphs":true,"m_FxEnabled":true},"in2DMode":false,"pivot":{"x":-0.23224496841430665,"y":2.7501258850097658,"z":-4.71075439453125},"rotation":{"x":0.018078885972499849,"y":-0.9745692610740662,"z":0.20650900900363923,"w":0.08528797328472138},"size":14.933353424072266,"orthographic":false}