{"cameraMode":{"drawMode":0,"name":"Shaded","section":"Shading Mode"},"sceneLighting":false,"audioPlay":false,"sceneViewState":{"m_AlwaysRefresh":false,"showFog":true,"showSkybox":false,"showFlares":true,"showImageEffects":true,"showParticleSystems":true,"showVisualEffectGraphs":true,"m_FxEnabled":true},"in2DMode":false,"pivot":{"x":-1.0222829580307007,"y":0.12156438827514649,"z":5.26365852355957},"rotation":{"x":0.34231749176979067,"y":0.6575507521629334,"z":-0.4662862718105316,"w":0.48277923464775088},"size":1.1506946086883546,"orthographic":false}