{"cameraMode":{"drawMode":0,"name":"Shaded","section":"Shading Mode"},"sceneLighting":false,"audioPlay":false,"sceneViewState":{"m_AlwaysRefresh":false,"showFog":true,"showSkybox":false,"showFlares":true,"showImageEffects":true,"showParticleSystems":true,"showVisualEffectGraphs":true,"m_FxEnabled":true},"in2DMode":false,"pivot":{"x":2.8510537147521974,"y":-11.517607688903809,"z":-28.51914405822754},"rotation":{"x":-0.01083421427756548,"y":-0.9816203117370606,"z":0.18198136985301972,"w":-0.05838450789451599},"size":19.711463928222658,"orthographic":false}