{"cameraMode":{"drawMode":0,"name":"Shaded","section":"Shading Mode"},"sceneLighting":false,"audioPlay":false,"sceneViewState":{"m_AlwaysRefresh":false,"showFog":true,"showSkybox":false,"showFlares":true,"showImageEffects":true,"showParticleSystems":true,"showVisualEffectGraphs":true,"m_FxEnabled":true},"in2DMode":false,"pivot":{"x":-3.2444164752960207,"y":4.8729939460754398,"z":14.160125732421875},"rotation":{"x":-0.12926606833934785,"y":0.8691138625144959,"z":-0.36521461606025698,"w":-0.30763158202171328},"size":0.9231601357460022,"orthographic":false}