{"cameraMode":{"drawMode":0,"name":"Shaded","section":"Shading Mode"},"sceneLighting":false,"audioPlay":false,"sceneViewState":{"m_AlwaysRefresh":false,"showFog":true,"showSkybox":false,"showFlares":true,"showImageEffects":true,"showParticleSystems":true,"showVisualEffectGraphs":true,"m_FxEnabled":true},"in2DMode":false,"pivot":{"x":0.2937251031398773,"y":-0.6506602764129639,"z":-6.1843366622924809},"rotation":{"x":0.001740979147143662,"y":0.9970407485961914,"z":-0.07373039424419403,"w":0.02574634552001953},"size":3.529517650604248,"orthographic":false}