{"cameraMode":{"drawMode":0,"name":"Shaded","section":"Shading Mode"},"sceneLighting":false,"audioPlay":false,"sceneViewState":{"m_AlwaysRefresh":false,"showFog":true,"showSkybox":false,"showFlares":true,"showImageEffects":true,"showParticleSystems":true,"showVisualEffectGraphs":true,"m_FxEnabled":true},"in2DMode":false,"pivot":{"x":1.8590352535247803,"y":-0.37155458331108096,"z":-3.610642910003662},"rotation":{"x":0.012522275559604168,"y":0.9709946513175964,"z":-0.05282625928521156,"w":0.23331354558467866},"size":2.600961685180664,"orthographic":false}