{"cameraMode":{"drawMode":0,"name":"Shaded","section":"Shading Mode"},"sceneLighting":false,"audioPlay":false,"sceneViewState":{"m_AlwaysRefresh":false,"showFog":true,"showSkybox":false,"showFlares":true,"showImageEffects":true,"showParticleSystems":true,"showVisualEffectGraphs":true,"m_FxEnabled":true},"in2DMode":false,"pivot":{"x":2.421814203262329,"y":-1.0329875946044922,"z":-3.1378488540649416},"rotation":{"x":0.032590996474027637,"y":0.9475123882293701,"z":-0.10308142751455307,"w":0.3012407422065735},"size":2.600961685180664,"orthographic":false}