{"cameraMode":{"drawMode":0,"name":"Shaded","section":"Shading Mode"},"sceneLighting":false,"audioPlay":false,"sceneViewState":{"m_AlwaysRefresh":false,"showFog":true,"showSkybox":false,"showFlares":true,"showImageEffects":true,"showParticleSystems":true,"showVisualEffectGraphs":true,"m_FxEnabled":true},"in2DMode":false,"pivot":{"x":0.20372450351715089,"y":-0.27861952781677248,"z":2.6618943214416506},"rotation":{"x":-0.01484637800604105,"y":0.9285538792610169,"z":-0.36905768513679507,"w":-0.03734584525227547},"size":1.3742570877075196,"orthographic":false}