{"cameraMode":{"drawMode":0,"name":"Shaded","section":"Shading Mode"},"sceneLighting":false,"audioPlay":false,"sceneViewState":{"m_AlwaysRefresh":false,"showFog":true,"showSkybox":false,"showFlares":true,"showImageEffects":true,"showParticleSystems":true,"showVisualEffectGraphs":true,"m_FxEnabled":true},"in2DMode":false,"pivot":{"x":-0.9258302450180054,"y":0.15000000596046449,"z":4.067359447479248},"rotation":{"x":-0.027806278318166734,"y":0.9451661109924316,"z":-0.31459304690361025,"w":-0.08359955251216889},"size":0.9231603741645813,"orthographic":false}