{"cameraMode":{"drawMode":0,"name":"Shaded","section":"Shading Mode"},"sceneLighting":false,"audioPlay":false,"sceneViewState":{"m_AlwaysRefresh":false,"showFog":true,"showSkybox":false,"showFlares":true,"showImageEffects":true,"showParticleSystems":true,"showVisualEffectGraphs":true,"m_FxEnabled":true},"in2DMode":false,"pivot":{"x":-0.08107446879148483,"y":0.03354686498641968,"z":-0.24173486232757569},"rotation":{"x":-0.011688894592225552,"y":0.9444122910499573,"z":-0.32698148488998415,"w":-0.033739540725946429},"size":0.6384162902832031,"orthographic":false}